timestamp,elapsed_sec,charge_mAh,level_pct,voltage_mV,temp_C,screen,brightness,network_type,wifi_state,mobile_state,gps,top_app,cpu_util_pct,gpu_util_pct,gpu_mem_mb,gpu_frame_ms
2026-01-31 03:04:15,0,5967.6,100,4408,30.9,on,255,5g,on,off,off,,23.3,20.9,1531.8,
2026-01-31 03:05:16,61,5960.2,100,4358,30.8,on,255,5g,on,off,off,,22.3,20.7,1544.0,
2026-01-31 03:06:17,122,5960.2,100,4358,30.8,on,255,5g,on,off,off,,21.1,20.8,1540.1,
2026-01-31 03:07:17,182,5947.3,100,4391,29.8,on,255,5g,on,off,off,,23.0,20.0,1537.9,
2026-01-31 03:08:18,243,5947.3,100,4391,29.8,on,255,5g,on,off,off,,22.6,20.1,1542.9,
2026-01-31 03:09:19,304,5933.2,100,4383,29.3,on,255,5g,on,off,off,,23.3,20.2,1544.4,
2026-01-31 03:10:20,365,5925.2,100,4387,29.0,on,255,5g,on,off,off,,21.3,19.2,1530.1,
2026-01-31 03:11:21,426,5925.2,100,4387,29.0,on,255,5g,on,off,off,,21.2,20.7,1533.4,
2026-01-31 03:12:22,487,5925.2,100,4387,29.0,on,255,5g,on,off,off,,22.1,20.6,1544.5,
2026-01-31 03:13:23,548,5903.6,100,4375,28.5,on,255,5g,on,off,off,,21.5,20.2,1543.6,
2026-01-31 03:14:24,609,5895.6,100,4377,28.3,on,255,5g,on,off,off,,21.1,21.7,1549.7,
2026-01-31 03:15:24,669,5895.6,100,4377,28.3,on,255,5g,on,off,off,,21.7,20.7,1545.5,
2026-01-31 03:16:25,730,5895.6,100,4377,28.3,on,255,5g,on,off,off,,22.8,19.9,1549.4,
2026-01-31 03:17:26,791,5876.5,100,4360,28.1,on,255,5g,on,off,off,,22.1,20.5,1544.3,
2026-01-31 03:18:27,852,5876.5,100,4360,28.1,on,255,5g,on,off,off,,20.8,20.8,1536.1,
2026-01-31 03:19:28,913,5876.5,100,4360,28.1,on,255,5g,on,off,off,,21.2,20.4,1532.1,
2026-01-31 03:20:29,974,5850.7,100,4362,28.0,on,255,5g,on,off,off,,23.3,20.3,1545.9,
2026-01-31 03:21:29,1034,5850.7,100,4362,28.0,on,255,5g,on,off,off,,23.9,19.8,1543.1,
2026-01-31 03:22:30,1095,5850.7,100,4362,28.0,on,255,5g,on,off,off,,22.5,20.4,1531.0,
2026-01-31 03:23:31,1156,5850.7,100,4362,28.0,on,255,5g,on,off,off,,21.0,20.5,1537.3,
2026-01-31 03:24:32,1217,5823.0,100,4352,27.9,on,255,5g,on,off,off,,20.8,21.0,1549.5,
2026-01-31 03:25:33,1278,5823.0,100,4352,27.9,on,255,5g,on,off,off,,20.1,20.2,1540.2,
2026-01-31 03:26:34,1339,5823.0,100,4352,27.9,on,255,5g,on,off,off,,22.1,21.0,1538.8,
2026-01-31 03:27:34,1399,5797.7,100,4347,27.9,on,255,5g,on,off,off,,21.2,20.6,1539.3,
2026-01-31 03:28:35,1460,5797.7,100,4347,27.9,on,255,5g,on,off,off,,24.9,20.8,1534.3,
2026-01-31 03:29:36,1521,5797.7,100,4347,27.9,on,255,5g,on,off,off,,22.3,20.8,1537.5,
2026-01-31 03:30:37,1582,5797.7,100,4347,27.9,on,255,5g,on,off,off,,19.3,19.2,1537.5,
2026-01-31 03:31:38,1643,5768.8,99,4347,27.9,on,255,5g,on,off,off,,21.6,19.8,1531.1,
2026-01-31 03:32:39,1704,5768.8,99,4347,27.9,on,255,5g,on,off,off,,21.4,20.2,1545.7,
2026-01-31 03:33:40,1765,5768.8,99,4347,27.9,on,255,5g,on,off,off,,21.7,20.4,1538.5,
2026-01-31 03:34:41,1826,5747.9,99,4344,27.8,on,255,5g,on,off,off,,22.2,20.3,1546.8,
2026-01-31 03:35:41,1886,5742.3,99,4332,27.9,on,255,5g,on,off,off,,22.9,20.1,1547.3,
2026-01-31 03:36:42,1947,5742.3,99,4332,27.9,on,255,5g,on,off,off,,23.4,21.1,1534.3,
2026-01-31 03:37:43,2008,5742.3,99,4332,27.9,on,255,5g,on,off,off,,21.2,20.7,1543.4,
2026-01-31 03:38:44,2069,5718.3,98,4338,27.8,on,255,5g,on,off,off,,22.9,20.8,1539.6,
2026-01-31 03:39:45,2130,5712.8,98,4334,27.8,on,255,5g,on,off,off,,22.7,21.1,1548.0,
2026-01-31 03:40:46,2191,5712.8,98,4334,27.8,on,255,5g,on,off,off,,20.9,20.2,1534.4,
2026-01-31 03:41:47,2252,5712.8,98,4334,27.8,on,255,5g,on,off,off,,21.0,20.1,1543.8,
2026-01-31 03:42:47,2312,5686.9,98,4329,27.7,on,255,5g,on,off,off,,22.4,20.3,1542.4,
2026-01-31 03:43:48,2373,5686.9,98,4329,27.7,on,255,5g,on,off,off,,20.9,20.4,1536.0,
2026-01-31 03:44:49,2434,5678.9,98,4334,27.8,on,255,5g,on,off,off,,21.6,20.6,1532.8,
2026-01-31 03:45:50,2495,5678.9,98,4334,27.8,on,255,5g,on,off,off,,22.4,20.1,1543.3,
2026-01-31 03:46:51,2556,5663.5,97,4329,27.7,on,255,5g,on,off,off,,22.0,19.9,1545.1,
2026-01-31 03:47:52,2617,5658.0,97,4308,27.8,on,255,5g,on,off,off,,22.6,20.7,1536.4,
2026-01-31 03:48:53,2678,5658.0,97,4308,27.8,on,255,5g,on,off,off,,22.2,20.9,1543.2,
2026-01-31 03:49:53,2738,5658.0,97,4308,27.8,on,255,5g,on,off,off,,22.0,20.6,1538.1,
2026-01-31 03:50:54,2799,5629.7,97,4318,27.9,on,255,5g,on,off,off,,21.9,20.1,1544.5,
2026-01-31 03:51:55,2860,5629.7,97,4318,27.9,on,255,5g,on,off,off,,21.0,20.2,1534.1,
2026-01-31 03:52:56,2921,5629.7,97,4318,27.9,on,255,5g,on,off,off,,22.4,20.5,1548.2,
2026-01-31 03:53:57,2982,5613.0,96,4314,27.9,on,255,5g,on,off,off,,22.1,19.1,1535.9,
2026-01-31 03:54:58,3043,5604.4,96,4310,27.9,on,255,5g,on,off,off,,19.7,21.0,1537.5,
2026-01-31 03:55:59,3104,5604.4,96,4310,27.9,on,255,5g,on,off,off,,21.3,20.5,1531.2,
2026-01-31 03:57:00,3165,5604.4,96,4310,27.9,on,255,5g,on,off,off,,21.5,20.1,1532.3,
2026-01-31 03:58:01,3226,5575.5,96,4316,28.0,on,255,5g,on,off,off,,23.2,21.1,1540.5,
2026-01-31 03:59:01,3286,5575.5,96,4316,28.0,on,255,5g,on,off,off,,22.4,21.9,1535.5,
2026-01-31 04:00:02,3347,5575.5,96,4316,28.0,on,255,5g,on,off,off,,22.9,20.5,1547.0,
2026-01-31 04:01:03,3408,5558.9,95,4300,28.0,on,255,5g,on,off,off,,23.1,20.7,1530.3,
2026-01-31 04:02:04,3469,5548.4,95,4309,28.0,on,255,5g,on,off,off,,22.9,19.9,1537.7,
2026-01-31 04:03:05,3530,5548.4,95,4309,28.0,on,255,5g,on,off,off,,21.6,20.7,1536.9,
2026-01-31 04:04:06,3591,5531.8,95,4306,28.0,on,255,5g,on,off,off,,21.3,20.7,1530.4,
2026-01-31 04:05:07,3652,5531.8,95,4306,28.0,on,255,5g,on,off,off,,22.9,19.6,1532.5,
2026-01-31 04:06:07,3712,5519.5,95,4309,27.9,on,255,5g,on,off,off,,20.7,20.9,1538.4,
2026-01-31 04:07:08,3773,5519.5,95,4309,27.9,on,255,5g,on,off,off,,21.8,20.7,1540.1,
2026-01-31 04:08:09,3834,5505.9,94,4283,27.9,on,255,5g,on,off,off,,21.0,21.0,1538.2,
2026-01-31 04:09:10,3895,5505.9,94,4283,27.9,on,255,5g,on,off,off,,23.2,20.5,1540.8,
2026-01-31 04:10:11,3956,5491.8,94,4295,28.0,on,255,5g,on,off,off,,22.1,20.9,1542.1,
2026-01-31 04:11:12,4017,5491.8,94,4295,28.0,on,255,5g,on,off,off,,21.7,19.9,1530.2,
2026-01-31 04:12:13,4078,5491.8,94,4295,28.0,on,255,5g,on,off,off,,23.8,21.7,1539.5,
2026-01-31 04:13:14,4139,5466.5,94,4288,28.0,on,255,5g,on,off,off,,21.5,20.7,1549.7,
2026-01-31 04:14:14,4199,5461.0,94,4291,28.0,on,255,5g,on,off,off,,20.8,20.7,1540.6,
2026-01-31 04:15:15,4260,5453.0,93,4276,28.1,on,255,5g,on,off,off,,22.1,20.7,1543.8,
2026-01-31 04:16:16,4321,5453.0,93,4276,28.1,on,255,5g,on,off,off,,21.5,19.9,1536.4,
2026-01-31 04:17:17,4382,5437.0,93,4268,28.1,on,255,5g,on,off,off,,19.2,20.9,1545.8,
2026-01-31 04:18:18,4443,5437.0,93,4268,28.1,on,255,5g,on,off,off,,23.4,20.6,1545.8,
2026-01-31 04:19:18,4503,5437.0,93,4268,28.1,on,255,5g,on,off,off,,22.5,21.0,1540.6,
2026-01-31 04:20:19,4564,5437.0,93,4268,28.1,on,255,5g,on,off,off,,21.3,20.3,1549.9,
2026-01-31 04:21:21,4626,5409.3,93,4272,28.1,on,255,5g,on,off,off,,21.7,20.9,1532.6,
2026-01-31 04:22:21,4686,5403.1,92,4276,28.1,on,255,5g,on,off,off,,22.4,20.9,1530.3,
2026-01-31 04:23:22,4747,5403.1,92,4276,28.1,on,255,5g,on,off,off,,20.9,20.9,1545.7,
2026-01-31 04:24:23,4808,5386.5,92,4286,28.1,on,255,5g,on,off,off,,21.6,20.6,1546.5,
2026-01-31 04:25:25,4870,5381.0,92,4276,28.1,on,255,5g,on,off,off,,20.8,20.3,1532.5,
2026-01-31 04:26:26,4931,5381.0,92,4276,28.1,on,255,5g,on,off,off,,22.5,20.4,1535.4,
2026-01-31 04:27:27,4992,5381.0,92,4276,28.1,on,255,5g,on,off,off,,22.1,20.4,1530.4,
2026-01-31 04:28:28,5053,5355.1,92,4277,28.1,on,255,5g,on,off,off,,22.4,20.2,1536.0,
2026-01-31 04:29:29,5114,5349.6,91,4267,28.1,on,255,5g,on,off,off,,22.6,20.2,1545.8,
2026-01-31 04:30:30,5175,5349.6,91,4267,28.1,on,255,5g,on,off,off,,23.2,20.6,1540.6,
2026-01-31 04:31:31,5236,5349.6,91,4267,28.1,on,255,5g,on,off,off,,21.6,20.6,1537.1,
2026-01-31 04:32:31,5296,5349.6,91,4267,28.1,on,255,5g,on,off,off,,23.2,20.4,1537.6,
2026-01-31 04:33:32,5357,5324.9,91,4261,28.1,on,255,5g,on,off,off,,21.4,20.5,1530.0,
2026-01-31 04:34:33,5418,5316.9,91,4263,28.1,on,255,5g,on,off,off,,22.9,19.9,1536.1,
2026-01-31 04:35:34,5479,5316.9,91,4263,28.1,on,255,5g,on,off,off,,22.1,20.4,1543.2,
2026-01-31 04:36:35,5540,5297.9,91,4260,28.1,on,255,5g,on,off,off,,21.0,20.6,1549.9,
2026-01-31 04:37:36,5601,5294.8,90,4249,28.1,on,255,5g,on,off,off,,23.1,20.6,1547.3,
2026-01-31 04:38:37,5662,5294.8,90,4249,28.1,on,255,5g,on,off,off,,21.6,20.9,1530.5,
2026-01-31 04:39:38,5723,5294.8,90,4249,28.1,on,255,5g,on,off,off,,22.7,21.0,1548.3,
2026-01-31 04:40:39,5784,5271.4,90,4253,28.2,on,255,5g,on,off,off,,23.1,20.1,1546.0,
2026-01-31 04:41:39,5844,5271.4,90,4253,28.2,on,255,5g,on,off,off,,22.4,20.7,1545.9,
2026-01-31 04:42:40,5905,5271.4,90,4253,28.2,on,255,5g,on,off,off,,21.1,20.2,1539.3,
2026-01-31 04:43:41,5966,5243.1,89,4249,28.2,on,255,5g,on,off,off,,22.3,19.8,1538.1,
2026-01-31 04:44:42,6027,5240.0,89,4247,28.2,on,255,5g,on,off,off,,21.0,20.0,1536.2,
2026-01-31 04:45:43,6088,5240.0,89,4247,28.2,on,255,5g,on,off,off,,20.7,20.2,1531.3,
2026-01-31 04:46:44,6149,5240.0,89,4247,28.2,on,255,5g,on,off,off,,22.2,20.3,1534.7,
2026-01-31 04:47:45,6210,5216.6,89,4243,28.3,on,255,5g,on,off,off,,22.5,20.5,1535.0,
2026-01-31 04:48:46,6271,5216.6,89,4243,28.3,on,255,5g,on,off,off,,22.6,20.6,1539.9,
2026-01-31 04:49:46,6331,5216.6,89,4243,28.3,on,255,5g,on,off,off,,21.6,20.2,1545.2,
2026-01-31 04:50:47,6392,5188.9,88,4232,28.2,on,255,5g,on,off,off,,22.5,20.0,1539.7,
2026-01-31 04:51:48,6453,5186.4,88,4243,28.2,on,255,5g,on,off,off,,22.5,20.7,1531.2,
2026-01-31 04:52:49,6514,5186.4,88,4243,28.2,on,255,5g,on,off,off,,21.0,20.5,1549.5,
2026-01-31 04:53:50,6575,5186.4,88,4243,28.2,on,255,5g,on,off,off,,21.4,20.0,1549.2,
2026-01-31 04:54:51,6636,5159.3,88,4224,28.2,on,255,5g,on,off,off,,23.3,20.2,1546.0,
2026-01-31 04:55:52,6697,5159.3,88,4224,28.2,on,255,5g,on,off,off,,23.1,19.7,1550.2,
2026-01-31 04:56:52,6757,5159.3,88,4224,28.2,on,255,5g,on,off,off,,22.8,20.0,1541.1,
2026-01-31 04:57:53,6818,5159.3,88,4224,28.2,on,255,5g,on,off,off,,22.3,21.0,1549.6,
2026-01-31 04:58:54,6879,5134.7,87,4227,28.1,on,255,5g,on,off,off,,21.2,20.9,1531.5,
2026-01-31 04:59:55,6940,5129.2,87,4235,28.1,on,255,5g,on,off,off,,21.5,20.2,1537.5,
2026-01-31 05:00:56,7001,5129.2,87,4235,28.1,on,255,5g,on,off,off,,22.4,20.6,1534.6,
2026-01-31 05:01:57,7062,5129.2,87,4235,28.1,on,255,5g,on,off,off,,23.2,20.9,1534.0,
2026-01-31 05:02:58,7123,5129.2,87,4235,28.1,on,255,5g,on,off,off,,24.0,19.2,1532.9,
2026-01-31 05:03:59,7184,5099.6,87,4224,28.0,on,255,5g,on,off,off,,23.2,20.2,1542.7,
2026-01-31 05:04:59,7244,5094.1,87,4217,28.0,on,255,5g,on,off,off,,23.3,20.4,1545.9,
2026-01-31 05:06:00,7305,5094.1,87,4217,28.0,on,255,5g,on,off,off,,23.9,20.0,1541.8,
2026-01-31 05:07:01,7366,5079.3,86,4204,28.0,on,255,5g,on,off,off,,23.0,20.4,1533.0,
2026-01-31 05:08:02,7427,5070.1,86,4210,28.0,on,255,5g,on,off,off,,21.2,20.1,1546.5,
2026-01-31 05:09:03,7488,5070.1,86,4210,28.0,on,255,5g,on,off,off,,23.2,20.9,1543.0,
2026-01-31 05:10:04,7549,5070.1,86,4210,28.0,on,255,5g,on,off,off,,22.2,20.0,1537.9,
2026-01-31 05:11:05,7610,5044.8,86,4212,28.1,on,255,5g,on,off,off,,22.4,20.7,1543.8,
2026-01-31 05:12:06,7671,5044.8,86,4212,28.1,on,255,5g,on,off,off,,19.9,20.6,1535.3,
2026-01-31 05:13:07,7732,5027.0,85,4186,28.1,on,255,5g,on,off,off,,22.7,20.4,1537.0,
2026-01-31 05:14:07,7792,5017.8,85,4206,28.2,on,255,5g,on,off,off,,22.6,20.5,1548.7,
2026-01-31 05:15:08,7853,5017.8,85,4206,28.2,on,255,5g,on,off,off,,21.5,19.6,1535.9,
2026-01-31 05:16:09,7914,5017.8,85,4206,28.2,on,255,5g,on,off,off,,22.9,20.4,1539.6,
2026-01-31 05:17:10,7975,5017.8,85,4206,28.2,on,255,5g,on,off,off,,23.2,20.7,1548.2,
2026-01-31 05:18:11,8036,4988.8,85,4199,28.2,on,255,5g,on,off,off,,22.1,19.1,1544.4,
2026-01-31 05:19:12,8097,4988.8,85,4199,28.2,on,255,5g,on,off,off,,22.5,20.6,1531.3,
2026-01-31 05:20:13,8158,4988.8,85,4199,28.2,on,255,5g,on,off,off,,22.8,20.0,1533.0,
2026-01-31 05:21:14,8219,4971.6,84,4196,28.2,on,255,5g,on,off,off,,21.6,21.0,1530.2,
2026-01-31 05:22:15,8280,4960.5,84,4196,28.2,on,255,5g,on,off,off,,21.0,20.3,1542.9,
2026-01-31 05:23:16,8341,4960.5,84,4196,28.2,on,255,5g,on,off,off,,20.8,20.3,1539.1,
2026-01-31 05:24:17,8402,4943.9,84,4199,28.2,on,255,5g,on,off,off,,22.2,20.5,1532.7,
2026-01-31 05:25:17,8462,4943.9,84,4199,28.2,on,255,5g,on,off,off,,22.3,20.9,1549.5,
2026-01-31 05:26:18,8523,4928.5,84,4184,28.0,on,255,5g,on,off,off,,20.8,20.5,1540.8,
2026-01-31 05:27:19,8584,4928.5,84,4184,28.0,on,255,5g,on,off,off,,21.7,20.7,1534.9,
2026-01-31 05:28:20,8645,4917.4,83,4178,28.0,on,255,5g,on,off,off,,22.1,20.3,1540.2,
2026-01-31 05:29:21,8706,4917.4,83,4178,28.0,on,255,5g,on,off,off,,21.3,20.7,1543.9,
2026-01-31 05:30:22,8767,4903.3,83,4186,28.1,on,255,5g,on,off,off,,20.9,21.6,1531.6,
2026-01-31 05:31:23,8828,4903.3,83,4186,28.1,on,255,5g,on,off,off,,22.1,20.5,1535.6,
2026-01-31 05:32:24,8889,4903.3,83,4186,28.1,on,255,5g,on,off,off,,22.4,20.6,1546.5,
2026-01-31 05:33:25,8950,4876.2,83,4184,28.1,on,255,5g,on,off,off,,23.3,19.6,1539.4,
2026-01-31 05:34:26,9011,4870.6,83,4169,28.1,on,255,5g,on,off,off,,21.6,20.5,1541.2,
2026-01-31 05:35:26,9071,4865.1,82,4170,28.1,on,255,5g,on,off,off,,21.4,20.4,1538.8,
2026-01-31 05:36:27,9132,4865.1,82,4170,28.1,on,255,5g,on,off,off,,20.9,20.3,1530.9,
2026-01-31 05:37:28,9193,4846.0,82,4172,28.1,on,255,5g,on,off,off,,23.3,20.9,1533.4,
2026-01-31 05:38:29,9254,4846.0,82,4172,28.1,on,255,5g,on,off,off,,22.6,19.4,1539.1,
2026-01-31 05:39:30,9315,4846.0,82,4172,28.1,on,255,5g,on,off,off,,21.2,21.1,1534.3,
2026-01-31 05:40:31,9376,4846.0,82,4172,28.1,on,255,5g,on,off,off,,21.4,21.9,1531.0,
2026-01-31 05:41:32,9437,4817.1,82,4154,28.1,on,255,5g,on,off,off,,22.6,20.6,1547.2,
2026-01-31 05:42:33,9498,4810.9,81,4163,28.1,on,255,5g,on,off,off,,21.5,20.8,1550.0,
2026-01-31 05:43:34,9559,4810.9,81,4163,28.1,on,255,5g,on,off,off,,24.3,20.9,1546.2,
2026-01-31 05:44:35,9620,4791.2,81,4162,28.1,on,255,5g,on,off,off,,21.8,20.8,1547.4,
2026-01-31 05:45:36,9681,4791.2,81,4162,28.1,on,255,5g,on,off,off,,21.7,20.3,1534.9,
2026-01-31 05:46:37,9742,4791.2,81,4162,28.1,on,255,5g,on,off,off,,20.7,20.3,1549.6,
2026-01-31 05:47:37,9802,4791.2,81,4162,28.1,on,255,5g,on,off,off,,20.8,21.0,1534.0,
2026-01-31 05:48:38,9863,4764.1,81,4147,28.1,on,255,5g,on,off,off,,23.0,20.3,1549.4,
2026-01-31 05:49:39,9924,4758.0,80,4136,28.1,on,255,5g,on,off,off,,22.0,20.4,1550.3,
2026-01-31 05:50:40,9985,4758.0,80,4136,28.1,on,255,5g,on,off,off,,22.0,20.5,1544.5,
2026-01-31 05:51:41,10046,4758.0,80,4136,28.1,on,255,5g,on,off,off,,21.2,19.9,1550.0,
2026-01-31 05:52:42,10107,4735.8,80,4144,28.0,on,255,5g,on,off,off,,21.8,20.2,1541.6,
2026-01-31 05:53:43,10168,4735.8,80,4144,28.0,on,255,5g,on,off,off,,22.4,19.7,1535.3,
2026-01-31 05:54:44,10229,4721.7,80,4144,28.0,on,255,5g,on,off,off,,21.7,21.0,1538.9,
2026-01-31 05:55:45,10290,4708.1,80,4135,28.0,on,255,5g,on,off,off,,22.1,20.9,1542.1,
2026-01-31 05:56:46,10351,4705.0,79,4137,28.0,on,255,5g,on,off,off,,22.5,20.3,1531.5,
2026-01-31 05:57:47,10412,4705.0,79,4137,28.0,on,255,5g,on,off,off,,20.9,20.4,1542.7,
2026-01-31 05:58:48,10473,4683.5,79,4131,28.1,on,255,5g,on,off,off,,20.8,20.7,1550.0,
2026-01-31 05:59:48,10533,4683.5,79,4131,28.1,on,255,5g,on,off,off,,23.2,21.1,1533.9,
2026-01-31 06:00:49,10594,4683.5,79,4131,28.1,on,255,5g,on,off,off,,21.7,20.9,1546.2,
2026-01-31 06:01:50,10655,4683.5,79,4131,28.1,on,255,5g,on,off,off,,21.9,20.9,1548.5,
2026-01-31 06:02:51,10716,4653.9,79,4117,28.1,on,255,5g,on,off,off,,23.2,19.5,1549.3,
2026-01-31 06:03:52,10777,4650.9,78,4122,28.1,on,255,5g,on,off,off,,23.3,20.1,1549.6,
2026-01-31 06:04:53,10838,4641.6,78,4118,28.2,on,255,5g,on,off,off,,19.1,20.4,1540.6,
2026-01-31 06:05:54,10899,4641.6,78,4118,28.2,on,255,5g,on,off,off,,20.7,20.3,1549.9,
2026-01-31 06:06:55,10960,4623.8,78,4125,28.2,on,255,5g,on,off,off,,22.5,19.9,1545.4,
2026-01-31 06:07:56,11021,4623.8,78,4125,28.2,on,255,5g,on,off,off,,21.6,21.1,1533.3,
2026-01-31 06:08:57,11082,4623.8,78,4125,28.2,on,255,5g,on,off,off,,20.8,21.1,1539.7,
2026-01-31 06:09:57,11142,4597.3,77,4112,28.2,on,255,5g,on,off,off,,21.5,20.3,1544.7,
2026-01-31 06:10:58,11203,4597.3,77,4112,28.2,on,255,5g,on,off,off,,22.6,20.4,1535.0,
2026-01-31 06:11:59,11264,4597.3,77,4112,28.2,on,255,5g,on,off,off,,23.1,20.7,1543.1,
2026-01-31 06:13:00,11325,4597.3,77,4112,28.2,on,255,5g,on,off,off,,22.9,20.6,1543.6,
2026-01-31 06:14:01,11386,4565.9,77,4113,28.1,on,255,5g,on,off,off,,21.2,20.1,1533.3,
2026-01-31 06:15:02,11447,4565.9,77,4109,28.2,on,255,5g,on,off,off,,22.9,20.8,1541.5,
2026-01-31 06:16:03,11508,4565.9,77,4109,28.2,on,255,5g,on,off,off,,19.6,20.0,1545.7,
2026-01-31 06:17:04,11569,4565.9,77,4109,28.2,on,255,5g,on,off,off,,21.6,19.6,1540.2,
2026-01-31 06:18:05,11630,4535.1,76,4099,28.1,on,255,5g,on,off,off,,24.1,19.1,1530.2,
2026-01-31 06:19:06,11691,4535.1,76,4099,28.1,on,255,5g,on,off,off,,22.7,20.3,1530.2,
2026-01-31 06:20:07,11752,4535.1,76,4099,28.1,on,255,5g,on,off,off,,23.1,20.7,1537.3,
2026-01-31 06:21:08,11813,4535.1,76,4099,28.1,on,255,5g,on,off,off,,22.9,20.5,1548.9,
2026-01-31 06:22:09,11874,4507.4,76,4089,28.0,on,255,5g,on,off,off,,23.1,21.7,1534.7,
2026-01-31 06:23:10,11935,4507.4,76,4089,28.0,on,255,5g,on,off,off,,20.7,20.6,1542.9,
2026-01-31 06:24:11,11996,4490.2,76,4102,28.0,on,255,5g,on,off,off,,19.5,20.4,1534.5,
2026-01-31 06:25:12,12057,4485.3,75,4096,28.0,on,255,5g,on,off,off,,24.3,21.0,1536.6,
2026-01-31 06:26:12,12117,4477.3,75,4089,27.9,on,255,5g,on,off,off,,21.9,20.1,1547.3,
2026-01-31 06:27:14,12179,4477.3,75,4089,27.9,on,255,5g,on,off,off,,21.6,20.4,1544.9,
2026-01-31 06:28:15,12240,4477.3,75,4089,27.9,on,255,5g,on,off,off,,22.7,20.8,1531.9,
2026-01-31 06:29:16,12301,4454.5,75,4077,28.1,on,255,5g,on,off,off,,22.8,19.9,1538.7,
2026-01-31 06:30:17,12362,4454.5,75,4077,28.1,on,255,5g,on,off,off,,22.0,20.5,1530.6,
2026-01-31 06:31:17,12422,4434.2,74,4074,28.1,on,255,5g,on,off,off,,22.2,20.2,1539.8,
2026-01-31 06:32:18,12483,4424.9,74,4077,28.0,on,255,5g,on,off,off,,23.1,20.1,1543.5,
2026-01-31 06:33:19,12544,4424.9,74,4077,28.0,on,255,5g,on,off,off,,21.0,20.2,1532.4,
2026-01-31 06:34:20,12605,4412.6,74,4065,28.1,on,255,5g,on,off,off,,22.8,20.2,1535.9,
2026-01-31 06:35:21,12666,4412.6,74,4065,28.1,on,255,5g,on,off,off,,21.0,22.0,1538.1,
2026-01-31 06:36:22,12727,4397.2,74,4067,28.1,on,255,5g,on,off,off,,22.6,20.0,1548.8,
2026-01-31 06:37:23,12788,4385.5,73,4057,28.1,on,255,5g,on,off,off,,22.9,20.4,1550.3,
2026-01-31 06:38:24,12849,4385.5,73,4057,28.1,on,255,5g,on,off,off,,20.9,20.0,1530.9,
2026-01-31 06:39:25,12910,4370.8,73,4064,28.1,on,255,5g,on,off,off,,23.4,20.1,1545.5,
2026-01-31 06:40:26,12971,4370.8,73,4064,28.1,on,255,5g,on,off,off,,21.7,20.8,1537.6,
2026-01-31 06:41:27,13032,4370.8,73,4064,28.1,on,255,5g,on,off,off,,23.3,20.4,1538.0,
2026-01-31 06:42:28,13093,4370.8,73,4064,28.1,on,255,5g,on,off,off,,24.0,20.5,1545.4,
2026-01-31 06:43:29,13154,4342.4,73,4049,28.1,on,255,5g,on,off,off,,22.8,21.0,1548.7,
2026-01-31 06:44:30,13215,4334.4,73,4058,28.0,on,255,5g,on,off,off,,21.8,21.4,1549.4,
2026-01-31 06:45:31,13276,4328.9,72,4037,28.0,on,255,5g,on,off,off,,19.8,20.4,1541.8,
2026-01-31 06:46:32,13337,4328.9,72,4037,28.0,on,255,5g,on,off,off,,22.0,20.9,1537.3,
2026-01-31 06:47:33,13398,4314.7,72,4047,27.9,on,255,5g,on,off,off,,21.0,21.0,1546.1,
2026-01-31 06:48:34,13459,4314.7,72,4047,27.9,on,255,5g,on,off,off,,22.5,20.7,1535.1,
2026-01-31 06:49:35,13520,4294.4,72,4041,28.0,on,255,5g,on,off,off,,22.3,21.0,1541.5,
2026-01-31 06:50:36,13581,4285.2,71,4029,28.0,on,255,5g,on,off,off,,19.5,20.6,1537.3,
2026-01-31 06:51:36,13641,4285.2,71,4029,28.0,on,255,5g,on,off,off,,21.3,20.5,1543.4,
2026-01-31 06:52:37,13702,4269.8,71,4029,28.0,on,255,5g,on,off,off,,20.6,20.8,1534.9,
2026-01-31 06:53:38,13763,4269.8,71,4029,28.0,on,255,5g,on,off,off,,23.1,20.7,1533.9,
2026-01-31 06:54:39,13824,4258.1,71,4030,28.0,on,255,5g,on,off,off,,23.4,20.0,1548.7,
2026-01-31 06:55:40,13885,4258.1,71,4030,28.0,on,255,5g,on,off,off,,22.2,20.0,1532.1,
2026-01-31 06:56:41,13946,4241.5,71,4010,28.0,on,255,5g,on,off,off,,24.4,19.9,1540.3,
2026-01-31 06:57:42,14007,4232.9,70,4010,28.0,on,255,5g,on,off,off,,21.9,21.4,1534.5,
2026-01-31 06:58:43,14068,4232.9,70,4010,28.0,on,255,5g,on,off,off,,22.3,20.3,1530.8,
2026-01-31 06:59:44,14129,4215.6,70,4021,28.0,on,255,5g,on,off,off,,19.5,20.7,1530.7,
2026-01-31 07:00:45,14190,4215.6,70,4021,28.0,on,255,5g,on,off,off,,24.1,20.1,1533.6,
2026-01-31 07:01:46,14251,4215.6,70,4021,28.0,on,255,5g,on,off,off,,21.4,20.7,1547.7,
2026-01-31 07:02:47,14312,4194.1,70,4017,28.0,on,255,5g,on,off,off,,22.0,20.2,1535.8,
2026-01-31 07:03:48,14373,4187.9,69,4005,28.0,on,255,5g,on,off,off,,22.3,20.0,1549.4,
2026-01-31 07:04:49,14434,4179.9,69,4006,27.9,on,255,5g,on,off,off,,23.3,19.7,1541.9,
2026-01-31 07:05:49,14494,4179.9,69,4006,27.9,on,255,5g,on,off,off,,24.3,20.4,1538.9,
2026-01-31 07:06:50,14555,4163.9,69,4005,27.9,on,255,5g,on,off,off,,22.9,20.0,1541.8,
2026-01-31 07:07:51,14616,4163.9,69,4005,27.9,on,255,5g,on,off,off,,21.1,20.8,1540.5,
2026-01-31 07:08:52,14677,4163.9,69,4005,27.9,on,255,5g,on,off,off,,24.9,20.5,1545.5,
2026-01-31 07:09:53,14738,4140.5,68,3996,27.8,on,255,5g,on,off,off,,22.4,21.1,1535.8,
2026-01-31 07:10:54,14799,4140.5,68,3996,27.8,on,255,5g,on,off,off,,23.2,20.3,1537.2,
2026-01-31 07:11:55,14860,4140.5,68,3996,27.8,on,255,5g,on,off,off,,20.8,21.6,1548.2,
2026-01-31 07:12:56,14921,4117.7,68,3988,27.8,on,255,5g,on,off,off,,21.7,20.9,1549.3,
2026-01-31 07:13:57,14982,4117.7,68,3988,27.8,on,255,5g,on,off,off,,23.4,20.1,1548.2,
2026-01-31 07:14:58,15043,4106.1,68,3997,27.8,on,255,5g,on,off,off,,22.3,21.0,1538.6,
2026-01-31 07:15:59,15104,4091.3,67,3989,27.8,on,255,5g,on,off,off,,23.3,20.3,1545.9,
2026-01-31 07:17:00,15165,4091.3,67,3989,27.8,on,255,5g,on,off,off,,23.0,20.4,1539.7,
2026-01-31 07:18:01,15226,4091.3,67,3989,27.8,on,255,5g,on,off,off,,21.8,21.0,1540.1,
2026-01-31 07:19:02,15287,4069.1,67,3984,27.9,on,255,5g,on,off,off,,20.9,20.0,1534.2,
2026-01-31 07:20:03,15348,4069.1,67,3984,27.9,on,255,5g,on,off,off,,22.9,21.0,1542.1,
2026-01-31 07:21:04,15409,4069.1,67,3984,27.9,on,255,5g,on,off,off,,24.3,20.2,1533.8,
2026-01-31 07:22:05,15470,4042.6,66,3985,27.8,on,255,5g,on,off,off,,23.3,20.9,1536.8,
2026-01-31 07:23:06,15531,4039.6,66,3989,27.9,on,255,5g,on,off,off,,21.4,21.0,1547.4,
2026-01-31 07:24:07,15592,4024.2,66,3981,27.9,on,255,5g,on,off,off,,21.0,20.8,1534.2,
2026-01-31 07:25:08,15653,4024.2,66,3981,27.9,on,255,5g,on,off,off,,23.8,20.9,1531.5,
2026-01-31 07:26:09,15714,4014.9,66,3954,27.9,on,255,5g,on,off,off,,22.4,20.8,1531.4,
2026-01-31 07:27:10,15775,4014.9,66,3954,27.9,on,255,5g,on,off,off,,21.0,20.1,1549.2,
2026-01-31 07:28:11,15836,3993.4,65,3975,27.9,on,255,5g,on,off,off,,22.1,21.1,1540.3,
2026-01-31 07:29:12,15897,3987.2,65,3973,27.9,on,255,5g,on,off,off,,22.1,19.1,1538.4,
2026-01-31 07:30:13,15958,3987.2,65,3973,27.9,on,255,5g,on,off,off,,22.2,20.8,1546.5,
2026-01-31 07:31:14,16019,3987.2,65,3973,27.9,on,255,5g,on,off,off,,23.1,20.2,1547.1,
2026-01-31 07:32:15,16080,3961.4,65,3971,27.8,on,255,5g,on,off,off,,21.1,20.9,1536.8,
2026-01-31 07:33:16,16141,3961.4,65,3971,27.8,on,255,5g,on,off,off,,22.7,20.6,1544.1,
2026-01-31 07:34:17,16202,3946.0,65,3968,27.8,on,255,5g,on,off,off,,22.6,20.5,1545.7,
2026-01-31 07:35:18,16263,3940.5,64,3939,27.8,on,255,5g,on,off,off,,21.1,20.6,1543.4,
2026-01-31 07:36:19,16324,3934.9,64,3965,27.7,on,255,5g,on,off,off,,21.6,20.9,1533.1,
2026-01-31 07:37:20,16385,3934.9,64,3965,27.7,on,255,5g,on,off,off,,21.8,20.8,1547.9,
2026-01-31 07:38:21,16446,3934.9,64,3965,27.7,on,255,5g,on,off,off,,23.1,20.5,1541.0,
2026-01-31 07:39:22,16507,3934.9,64,3965,27.7,on,255,5g,on,off,off,,22.1,20.2,1535.8,
2026-01-31 07:40:23,16568,3901.1,64,3962,27.6,on,255,5g,on,off,off,,21.8,21.1,1538.7,
2026-01-31 07:41:23,16628,3901.1,64,3962,27.6,on,255,5g,on,off,off,,23.0,20.4,1530.8,
2026-01-31 07:42:24,16689,3885.7,63,3944,27.6,on,255,5g,on,off,off,,20.6,20.1,1532.6,
2026-01-31 07:43:25,16750,3877.0,63,3953,27.7,on,255,5g,on,off,off,,21.4,20.8,1545.6,
2026-01-31 07:44:26,16811,3868.4,63,3959,27.6,on,255,5g,on,off,off,,23.3,20.1,1530.0,
2026-01-31 07:45:27,16872,3868.4,63,3959,27.6,on,255,5g,on,off,off,,21.6,20.8,1538.5,
2026-01-31 07:46:28,16933,3850.0,63,3941,27.7,on,255,5g,on,off,off,,21.3,19.9,1540.7,
2026-01-31 07:47:29,16994,3850.0,63,3941,27.7,on,255,5g,on,off,off,,21.0,19.9,1531.1,
2026-01-31 07:48:30,17055,3837.6,62,3935,27.7,on,255,5g,on,off,off,,21.1,20.1,1549.9,
2026-01-31 07:49:31,17116,3828.4,62,3944,27.7,on,255,5g,on,off,off,,22.4,19.3,1534.6,
2026-01-31 07:50:32,17177,3828.4,62,3944,27.7,on,255,5g,on,off,off,,21.6,20.3,1536.2,
2026-01-31 07:51:33,17238,3828.4,62,3944,27.7,on,255,5g,on,off,off,,22.0,21.1,1536.2,
2026-01-31 07:52:34,17299,3828.4,62,3944,27.7,on,255,5g,on,off,off,,21.2,20.4,1534.7,
2026-01-31 07:53:35,17360,3798.3,62,3940,27.7,on,255,5g,on,off,off,,20.8,21.0,1530.0,
2026-01-31 07:54:36,17421,3789.0,61,3934,27.8,on,255,5g,on,off,off,,21.5,20.4,1544.9,
2026-01-31 07:55:37,17482,3789.0,61,3934,27.8,on,255,5g,on,off,off,,20.9,20.7,1549.7,
2026-01-31 07:56:38,17543,3773.6,61,3937,27.7,on,255,5g,on,off,off,,21.9,20.6,1534.6,
2026-01-31 07:57:39,17604,3773.6,61,3937,27.7,on,255,5g,on,off,off,,21.7,20.9,1543.5,
2026-01-31 07:58:40,17665,3773.6,61,3937,27.7,on,255,5g,on,off,off,,22.6,20.6,1545.1,
2026-01-31 07:59:41,17726,3745.9,61,3935,27.7,on,255,5g,on,off,off,,22.9,20.7,1547.3,
2026-01-31 08:00:42,17787,3745.9,61,3935,27.7,on,255,5g,on,off,off,,20.9,20.6,1538.6,
2026-01-31 08:01:43,17848,3734.2,60,3929,27.7,on,255,5g,on,off,off,,23.2,20.6,1536.2,
2026-01-31 08:02:44,17909,3734.2,60,3929,27.7,on,255,5g,on,off,off,,21.4,20.7,1536.6,
2026-01-31 08:03:45,17970,3716.4,60,3928,27.7,on,255,5g,on,off,off,,22.7,20.2,1544.5,
2026-01-31 08:04:45,18030,3711.5,60,3929,27.7,on,255,5g,on,off,off,,21.3,20.5,1546.7,
2026-01-31 08:05:46,18091,3711.5,60,3929,27.7,on,255,5g,on,off,off,,22.0,20.0,1533.7,
2026-01-31 08:06:47,18152,3688.1,60,3922,27.6,on,255,5g,on,off,off,,21.7,20.8,1537.6,
2026-01-31 08:07:48,18213,3681.9,59,3891,27.6,on,255,5g,on,off,off,,22.7,20.8,1548.4,
2026-01-31 08:08:49,18274,3681.9,59,3891,27.6,on,255,5g,on,off,off,,21.4,20.4,1546.5,
2026-01-31 08:09:50,18335,3663.4,59,3915,27.6,on,255,5g,on,off,off,,23.1,20.3,1550.1,
2026-01-31 08:10:51,18396,3663.4,59,3915,27.6,on,255,5g,on,off,off,,22.1,20.0,1545.4,
2026-01-31 08:11:52,18457,3663.4,59,3915,27.6,on,255,5g,on,off,off,,21.9,20.6,1538.0,
2026-01-31 08:12:53,18518,3663.4,59,3915,27.6,on,255,5g,on,off,off,,21.4,21.1,1542.0,
2026-01-31 08:13:54,18579,3632.7,58,3912,27.6,on,255,5g,on,off,off,,21.7,21.5,1543.5,
2026-01-31 08:14:55,18640,3629.6,58,3919,27.7,on,255,5g,on,off,off,,21.6,20.8,1531.6,
2026-01-31 08:15:56,18701,3629.6,58,3919,27.7,on,255,5g,on,off,off,,21.6,20.4,1541.1,
2026-01-31 08:16:57,18762,3629.6,58,3919,27.7,on,255,5g,on,off,off,,23.1,20.4,1544.5,
2026-01-31 08:17:58,18823,3604.3,58,3917,27.6,on,255,5g,on,off,off,,22.5,20.6,1533.4,
2026-01-31 08:18:59,18884,3604.3,58,3917,27.6,on,255,5g,on,off,off,,22.0,20.3,1545.9,
2026-01-31 08:20:00,18945,3582.8,58,3907,27.6,on,255,5g,on,off,off,,22.2,19.9,1541.9,
2026-01-31 08:21:01,19006,3579.7,57,3901,27.6,on,255,5g,on,off,off,,22.7,20.9,1549.4,
2026-01-31 08:22:02,19067,3579.7,57,3901,27.6,on,255,5g,on,off,off,,21.0,20.5,1530.9,
2026-01-31 08:23:03,19128,3579.7,57,3901,27.6,on,255,5g,on,off,off,,21.7,21.0,1535.4,
2026-01-31 08:24:04,19189,3551.4,57,3909,27.9,on,255,5g,on,off,off,,22.2,20.4,1542.3,
2026-01-31 08:25:05,19250,3551.4,57,3909,27.9,on,255,5g,on,off,off,,23.4,20.9,1536.0,
2026-01-31 08:26:05,19310,3551.4,57,3909,27.9,on,255,5g,on,off,off,,21.3,20.9,1544.6,
2026-01-31 08:27:07,19372,3528.6,56,3889,27.7,on,255,5g,on,off,off,,21.1,20.5,1545.5,
2026-01-31 08:28:09,19434,3528.6,56,3889,27.7,on,255,5g,on,off,off,,21.1,20.0,1532.1,
2026-01-31 08:29:11,19496,3528.6,56,3889,27.7,on,255,5g,on,off,off,,21.5,20.5,1540.5,
2026-01-31 08:30:13,19558,3507.1,56,3903,27.5,on,255,5g,on,off,off,,23.1,20.8,1540.4,
2026-01-31 08:31:14,19619,3507.1,56,3903,27.5,on,255,5g,on,off,off,,22.1,20.1,1537.5,
2026-01-31 08:32:16,19681,3507.1,56,3903,27.5,on,255,5g,on,off,off,,23.4,20.1,1549.0,
2026-01-31 08:33:18,19743,3477.5,55,3898,27.3,on,255,5g,on,off,off,,21.8,20.7,1546.9,
2026-01-31 08:34:19,19804,3471.4,55,3896,27.3,on,255,5g,on,off,off,,24.7,19.1,1544.2,
2026-01-31 08:35:22,19867,3471.4,55,3896,27.3,on,255,5g,on,off,off,,21.2,20.2,1544.6,
2026-01-31 08:36:23,19928,3456.0,55,3890,27.2,on,255,5g,on,off,off,,23.2,21.0,1539.4,
2026-01-31 08:38:18,20043,3443.0,55,3918,26.9,on,255,5g,on,off,off,,22.2,20.2,1548.8,
2026-01-31 08:39:19,20104,3443.0,55,3918,26.9,on,255,5g,on,off,off,,22.8,20.4,1544.2,
2026-01-31 08:40:20,20165,3422.1,54,3881,27.0,on,255,5g,on,off,off,,21.6,20.0,1544.9,
2026-01-31 08:41:22,20227,3422.1,54,3881,27.0,on,255,5g,on,off,off,,22.1,19.9,1547.6,
2026-01-31 08:42:58,20323,3422.1,54,3881,27.0,on,255,5g,on,off,off,,21.0,21.0,1535.6,
2026-01-31 08:44:00,20385,3422.1,54,3881,27.0,on,255,5g,on,off,off,,21.5,20.5,1546.5,
2026-01-31 08:45:02,20447,3390.7,54,3883,26.7,on,255,5g,on,off,off,,21.1,20.3,1534.0,
2026-01-31 08:46:04,20509,3390.7,54,3883,26.7,on,255,5g,on,off,off,,22.1,19.9,1537.0,
2026-01-31 08:47:06,20571,3366.7,53,3868,26.8,on,255,5g,on,off,off,,21.6,21.1,1536.8,
2026-01-31 08:48:08,20633,3366.7,53,3868,26.8,on,255,5g,on,off,off,,20.9,21.0,1550.0,
2026-01-31 08:49:10,20695,3366.7,53,3868,26.8,on,255,5g,on,off,off,,20.4,20.4,1547.5,
2026-01-31 08:50:11,20756,3346.4,53,3866,27.0,on,255,5g,on,off,off,,22.5,20.8,1544.3,
2026-01-31 08:51:13,20818,3346.4,53,3866,27.0,on,255,5g,on,off,off,,22.3,19.6,1544.8,
2026-01-31 08:52:15,20880,3324.9,52,3856,27.0,on,255,5g,on,off,off,,21.8,20.6,1541.5,
2026-01-31 08:53:16,20941,3312.5,52,3869,27.0,on,255,5g,on,off,off,,23.2,21.1,1549.3,
2026-01-31 08:54:18,21003,3305.8,52,3870,27.0,on,255,5g,on,off,off,,23.3,20.3,1540.1,
2026-01-31 08:55:20,21065,3305.8,52,3870,27.0,on,255,5g,on,off,off,,22.7,20.1,1537.8,
2026-01-31 08:56:21,21126,3305.8,52,3870,27.0,on,255,5g,on,off,off,,19.1,20.2,1533.3,
2026-01-31 08:57:23,21188,3284.8,52,3863,27.1,on,255,5g,on,off,off,,22.3,20.6,1546.0,
2026-01-31 08:58:25,21250,3272.5,51,3851,27.1,on,255,5g,on,off,off,,21.1,20.0,1545.0,
2026-01-31 08:59:27,21312,3272.5,51,3851,27.1,on,255,5g,on,off,off,,21.2,20.8,1537.8,
2026-01-31 09:00:28,21373,3257.8,51,3865,27.1,on,255,5g,on,off,off,,21.1,20.7,1530.5,
2026-01-31 09:01:30,21435,3257.8,51,3865,27.1,on,255,5g,on,off,off,,22.5,20.0,1547.1,
2026-01-31 09:02:33,21498,3257.8,51,3865,27.1,on,255,5g,on,off,off,,21.7,20.5,1530.2,
2026-01-31 09:03:35,21560,3257.8,51,3865,27.1,on,255,5g,on,off,off,,21.8,21.0,1544.4,
2026-01-31 09:04:36,21621,3228.2,51,3858,27.1,on,255,5g,on,off,off,,21.9,20.7,1549.8,
2026-01-31 09:05:37,21682,3219.0,50,3834,27.1,on,255,5g,on,off,off,,21.9,20.4,1538.9,
2026-01-31 09:06:38,21743,3219.0,50,3834,27.1,on,255,5g,on,off,off,,22.7,20.6,1534.8,
2026-01-31 09:07:41,21806,3219.0,50,3834,27.1,on,255,5g,on,off,off,,21.3,20.5,1544.4,
2026-01-31 09:08:43,21868,3195.0,50,3835,26.1,on,255,5g,on,off,off,,21.7,20.5,1546.7,
2026-01-31 09:09:45,21930,3195.0,50,3835,26.1,on,255,5g,on,off,off,,23.1,20.8,1541.1,
2026-01-31 09:10:46,21991,3172.2,49,3828,25.2,on,255,5g,on,off,off,,21.0,20.2,1549.7,
2026-01-31 09:11:47,22052,3172.2,49,3828,25.2,on,255,5g,on,off,off,,23.9,20.3,1531.1,
2026-01-31 09:12:48,22113,3157.4,49,3842,24.8,on,255,5g,on,off,off,,22.8,20.5,1540.3,
2026-01-31 09:13:49,22174,3157.4,49,3842,24.8,on,255,5g,on,off,off,,22.1,21.0,1544.7,
2026-01-31 09:14:51,22236,3137.7,49,3835,24.6,on,255,5g,on,off,off,,22.8,20.9,1547.6,
2026-01-31 09:15:52,22297,3131.6,48,3813,24.6,on,255,5g,on,off,off,,21.5,20.4,1533.7,
2026-01-31 09:16:53,22358,3131.6,48,3813,24.6,on,255,5g,on,off,off,,22.7,21.1,1546.3,
2026-01-31 09:17:54,22419,3112.5,48,3834,24.5,on,255,5g,on,off,off,,22.2,20.5,1541.3,
2026-01-31 09:18:55,22480,3112.5,48,3834,24.5,on,255,5g,on,off,off,,23.1,21.5,1538.1,
2026-01-31 09:19:57,22542,3112.5,48,3834,24.5,on,255,5g,on,off,off,,22.9,20.7,1532.7,
2026-01-31 09:20:58,22603,3086.6,48,3828,24.6,on,255,5g,on,off,off,,23.0,20.4,1547.7,
2026-01-31 09:21:59,22664,3082.9,47,3810,24.6,on,255,5g,on,off,off,,21.8,21.1,1533.2,
2026-01-31 09:23:01,22726,3082.9,47,3810,24.6,on,255,5g,on,off,off,,21.1,20.5,1536.3,
2026-01-31 09:24:02,22787,3061.4,47,3827,24.7,on,255,5g,on,off,off,,22.7,20.9,1535.9,
2026-01-31 09:25:04,22849,3058.3,47,3825,24.6,on,255,5g,on,off,off,,22.4,20.7,1547.8,
2026-01-31 09:26:05,22910,3058.3,47,3825,24.6,on,255,5g,on,off,off,,22.2,20.4,1543.7,
2026-01-31 09:27:06,22971,3058.3,47,3825,24.6,on,255,5g,on,off,off,,21.6,21.2,1546.3,
2026-01-31 09:28:07,23032,3028.1,47,3821,24.7,on,255,5g,on,off,off,,23.2,20.9,1535.1,
2026-01-31 09:29:09,23094,3025.1,46,3823,24.7,on,255,5g,on,off,off,,21.8,20.9,1542.7,
2026-01-31 09:30:10,23155,3025.1,46,3823,24.7,on,255,5g,on,off,off,,23.3,19.9,1541.7,
2026-01-31 09:31:11,23216,3008.4,46,3813,24.8,on,255,5g,on,off,off,,22.3,20.1,1547.0,
2026-01-31 09:32:13,23278,3008.4,46,3813,24.8,on,255,5g,on,off,off,,22.4,21.0,1548.5,
2026-01-31 09:33:14,23339,3008.4,46,3813,24.8,on,255,5g,on,off,off,,23.1,20.1,1530.2,
2026-01-31 09:34:15,23400,2975.8,45,3815,25.0,on,255,5g,on,off,off,,24.5,20.6,1543.8,
2026-01-31 09:35:16,23461,2975.8,45,3815,25.0,on,255,5g,on,off,off,,23.6,21.0,1531.1,
2026-01-31 09:36:17,23522,2975.8,45,3815,25.0,on,255,5g,on,off,off,,22.3,20.5,1541.2,
2026-01-31 09:37:18,23583,2951.8,45,3808,25.1,on,255,5g,on,off,off,,22.7,19.9,1535.9,
2026-01-31 09:38:19,23644,2951.8,45,3808,25.1,on,255,5g,on,off,off,,24.1,20.7,1536.3,
2026-01-31 09:39:20,23705,2951.8,45,3808,25.1,on,255,5g,on,off,off,,23.4,21.0,1537.2,
2026-01-31 09:40:21,23766,2927.8,44,3796,25.1,on,255,5g,on,off,off,,21.0,20.1,1542.7,
2026-01-31 09:41:22,23827,2924.1,44,3801,25.2,on,255,5g,on,off,off,,24.2,20.6,1536.8,
2026-01-31 09:42:23,23888,2924.1,44,3801,25.2,on,255,5g,on,off,off,,21.8,20.8,1544.9,
2026-01-31 09:43:24,23949,2905.0,44,3794,25.3,on,255,5g,on,off,off,,21.6,20.0,1538.3,
2026-01-31 09:44:25,24010,2895.2,44,3793,25.4,on,255,5g,on,off,off,,20.7,20.1,1531.4,
2026-01-31 09:45:27,24072,2895.2,44,3793,25.4,on,255,5g,on,off,off,,21.8,20.9,1546.0,
2026-01-31 09:46:28,24133,2879.8,43,3783,25.4,on,255,5g,on,off,off,,23.2,20.8,1535.8,
2026-01-31 09:47:29,24194,2871.2,43,3780,25.3,on,255,5g,on,off,off,,21.6,20.5,1538.8,
2026-01-31 09:48:30,24255,2871.2,43,3780,25.3,on,255,5g,on,off,off,,21.9,20.5,1544.0,
2026-01-31 09:49:31,24316,2871.2,43,3780,25.3,on,255,5g,on,off,off,,21.9,20.5,1536.8,
2026-01-31 09:50:32,24377,2845.9,43,3779,25.5,on,255,5g,on,off,off,,21.2,20.3,1531.2,
2026-01-31 09:51:33,24438,2845.9,43,3779,25.5,on,255,5g,on,off,off,,21.8,20.8,1537.6,
2026-01-31 09:52:34,24499,2845.9,43,3779,25.5,on,255,5g,on,off,off,,20.0,20.0,1549.3,
2026-01-31 09:53:35,24560,2821.3,42,3772,25.6,on,255,5g,on,off,off,,20.7,20.1,1543.1,
2026-01-31 09:54:36,24621,2811.4,42,3778,25.6,on,255,5g,on,off,off,,21.2,20.4,1543.7,
2026-01-31 09:55:38,24683,2811.4,42,3778,25.6,on,255,5g,on,off,off,,19.7,20.7,1542.9,
2026-01-31 09:56:39,24744,2811.4,42,3778,25.6,on,255,5g,on,off,off,,23.4,20.3,1534.1,
2026-01-31 09:57:40,24805,2789.9,42,3748,25.7,on,255,5g,on,off,off,,22.3,20.5,1538.5,
2026-01-31 09:58:41,24866,2775.7,41,3759,25.8,on,255,5g,on,off,off,,22.7,21.2,1545.3,
2026-01-31 09:59:43,24928,2769.0,41,3769,25.9,on,255,5g,on,off,off,,23.1,20.3,1532.1,
2026-01-31 10:00:44,24989,2769.0,41,3769,25.9,on,255,5g,on,off,off,,21.2,20.0,1535.7,
2026-01-31 10:01:46,25051,2769.0,41,3769,25.9,on,255,5g,on,off,off,,22.0,20.9,1535.6,
2026-01-31 10:02:47,25112,2741.9,41,3762,26.0,on,255,5g,on,off,off,,20.9,20.9,1538.8,
2026-01-31 10:03:48,25173,2741.9,41,3762,26.0,on,255,5g,on,off,off,,21.9,20.7,1550.0,
2026-01-31 10:04:49,25234,2722.8,40,3743,26.0,on,255,5g,on,off,off,,21.9,20.5,1531.4,
2026-01-31 10:05:50,25295,2712.9,40,3754,26.1,on,255,5g,on,off,off,,22.2,20.2,1540.6,
2026-01-31 10:06:52,25357,2712.9,40,3754,26.1,on,255,5g,on,off,off,,21.2,20.3,1533.7,
2026-01-31 10:07:53,25418,2712.9,40,3754,26.1,on,255,5g,on,off,off,,23.3,21.0,1549.8,
2026-01-31 10:08:54,25479,2689.6,40,3740,26.2,on,255,5g,on,off,off,,21.4,20.8,1532.3,
2026-01-31 10:09:55,25540,2679.1,39,3737,26.3,on,255,5g,on,off,off,,21.8,20.7,1538.2,
2026-01-31 10:10:57,25602,2679.1,39,3737,26.3,on,255,5g,on,off,off,,21.1,21.0,1545.1,
2026-01-31 10:11:58,25663,2656.9,39,3748,25.6,on,255,5g,on,off,off,,22.5,20.6,1544.4,
2026-01-31 10:12:59,25724,2656.9,39,3748,25.6,on,255,5g,on,off,off,,21.3,20.4,1538.6,
2026-01-31 10:14:00,25785,2656.9,39,3748,25.6,on,255,5g,on,off,off,,22.5,20.9,1537.1,
2026-01-31 10:15:01,25846,2638.5,39,3744,25.3,on,255,5g,on,off,off,,21.0,20.4,1538.1,
2026-01-31 10:16:02,25907,2624.9,38,3734,25.2,on,255,5g,on,off,off,,21.2,19.4,1535.4,
2026-01-31 10:17:03,25968,2624.9,38,3734,25.2,on,255,5g,on,off,off,,21.3,20.8,1534.2,
2026-01-31 10:18:05,26030,2609.5,38,3737,25.2,on,255,5g,on,off,off,,21.4,19.8,1539.9,
2026-01-31 10:19:07,26092,2609.5,38,3737,25.2,on,255,5g,on,off,off,,23.0,21.0,1535.5,
2026-01-31 10:20:08,26153,2588.6,38,3724,25.1,on,255,5g,on,off,off,,21.8,20.9,1535.9,
2026-01-31 10:21:09,26214,2588.6,38,3724,25.1,on,255,5g,on,off,off,,21.3,21.1,1543.4,
2026-01-31 10:22:10,26275,2576.9,37,3716,25.1,on,255,5g,on,off,off,,23.1,20.3,1549.8,
2026-01-31 10:23:11,26336,2564.0,37,3719,25.1,on,255,5g,on,off,off,,20.9,20.2,1542.3,
2026-01-31 10:24:13,26398,2557.2,37,3730,25.2,on,255,5g,on,off,off,,20.8,20.0,1531.6,
2026-01-31 10:25:14,26459,2557.2,37,3730,25.2,on,255,5g,on,off,off,,22.3,20.5,1531.5,
2026-01-31 10:26:16,26521,2557.2,37,3730,25.2,on,255,5g,on,off,off,,23.1,20.2,1549.4,
2026-01-31 10:27:17,26582,2536.3,37,3713,25.2,on,255,5g,on,off,off,,21.6,20.5,1536.1,
2026-01-31 10:28:18,26643,2530.1,36,3712,25.2,on,255,5g,on,off,off,,21.7,20.6,1531.9,
2026-01-31 10:29:19,26704,2516.6,36,3712,25.3,on,255,5g,on,off,off,,21.4,20.3,1542.2,
2026-01-31 10:30:20,26765,2516.6,36,3712,25.3,on,255,5g,on,off,off,,21.8,20.0,1542.7,
2026-01-31 10:31:22,26827,2497.5,36,3713,25.4,on,255,5g,on,off,off,,21.9,21.7,1543.2,
2026-01-31 10:32:23,26888,2490.7,35,3708,25.4,on,255,5g,on,off,off,,23.3,21.0,1535.5,
2026-01-31 10:33:24,26949,2490.7,35,3708,25.4,on,255,5g,on,off,off,,21.1,20.0,1530.3,
2026-01-31 10:34:25,27010,2471.0,35,3698,25.6,on,255,5g,on,off,off,,22.0,20.9,1549.7,
2026-01-31 10:35:27,27072,2471.0,35,3698,25.6,on,255,5g,on,off,off,,22.9,20.6,1535.1,
2026-01-31 10:36:28,27133,2471.0,35,3698,25.6,on,255,5g,on,off,off,,20.8,21.6,1543.8,
2026-01-31 10:37:30,27195,2440.9,35,3702,25.7,on,255,5g,on,off,off,,22.2,20.9,1544.4,
2026-01-31 10:38:31,27256,2440.9,34,3681,25.7,on,255,5g,on,off,off,,21.4,20.0,1542.4,
2026-01-31 10:39:33,27318,2440.9,34,3681,25.7,on,255,5g,on,off,off,,23.0,21.0,1536.4,
2026-01-31 10:40:35,27380,2415.0,34,3685,25.8,on,255,5g,on,off,off,,23.7,20.9,1535.5,
2026-01-31 10:41:36,27441,2415.0,34,3685,25.8,on,255,5g,on,off,off,,20.7,20.6,1542.2,
2026-01-31 10:42:37,27502,2415.0,34,3685,25.8,on,255,5g,on,off,off,,20.0,20.4,1547.7,
2026-01-31 10:43:39,27564,2415.0,34,3685,25.8,on,255,5g,on,off,off,,22.2,20.4,1549.3,
2026-01-31 10:44:40,27625,2383.0,33,3665,25.9,on,255,5g,on,off,off,,22.9,20.6,1532.2,
2026-01-31 10:45:41,27686,2383.0,33,3665,25.9,on,255,5g,on,off,off,,20.7,20.4,1533.2,
2026-01-31 10:46:42,27747,2383.0,33,3665,25.9,on,255,5g,on,off,off,,23.1,20.7,1549.3,
2026-01-31 10:47:43,27808,2383.0,33,3665,25.9,on,255,5g,on,off,off,,22.3,20.7,1545.0,
2026-01-31 10:48:45,27870,2383.0,33,3665,25.9,on,255,5g,on,off,off,,22.5,20.5,1548.0,
2026-01-31 10:49:46,27931,2346.1,33,3692,25.9,on,255,5g,on,off,off,,23.2,20.4,1534.1,
2026-01-31 10:50:47,27992,2346.1,33,3692,25.9,on,255,5g,on,off,off,,21.7,20.7,1542.0,
2026-01-31 10:51:48,28053,2323.3,32,3682,26.0,on,255,5g,on,off,off,,20.8,21.8,1544.3,
2026-01-31 10:52:49,28114,2313.4,32,3688,26.0,on,255,5g,on,off,off,,22.7,20.7,1543.9,
2026-01-31 10:53:50,28175,2313.4,32,3688,26.0,on,255,5g,on,off,off,,22.3,20.2,1538.3,
2026-01-31 10:54:51,28236,2303.0,32,3689,26.1,on,255,5g,on,off,off,,21.8,20.5,1530.3,
2026-01-31 10:55:52,28297,2303.0,32,3689,26.1,on,255,5g,on,off,off,,21.7,20.1,1541.9,
2026-01-31 10:56:57,28362,2303.0,32,3689,26.1,on,255,5g,on,off,off,,21.5,21.1,1535.2,
2026-01-31 10:57:59,28424,2272.2,32,3674,26.1,on,255,5g,on,off,off,,22.0,20.5,1539.2,
2026-01-31 10:59:01,28486,2272.2,32,3674,26.1,on,255,5g,on,off,off,,23.2,20.6,1549.5,
2026-01-31 11:00:03,28548,2252.5,31,3672,26.0,on,255,5g,on,off,off,,21.3,20.1,1538.1,
2026-01-31 11:01:06,28611,2245.7,31,3683,26.0,on,255,5g,on,off,off,,21.4,19.9,1547.1,
2026-01-31 11:02:07,28672,2245.7,31,3683,26.0,on,255,5g,on,off,off,,20.8,20.2,1533.8,
2026-01-31 11:03:09,28734,2245.7,31,3683,26.0,on,255,5g,on,off,off,,22.3,20.0,1543.7,
2026-01-31 11:04:11,28796,2214.9,31,3677,26.0,on,255,5g,on,off,off,,22.8,20.9,1549.9,
2026-01-31 11:05:13,28858,2214.9,31,3677,26.0,on,255,5g,on,off,off,,20.9,20.5,1532.1,
2026-01-31 11:06:15,28920,2214.9,31,3677,26.0,on,255,5g,on,off,off,,22.0,21.0,1530.2,
2026-01-31 11:07:17,28982,2190.3,30,3666,25.9,on,255,5g,on,off,off,,21.9,20.0,1538.8,
2026-01-31 11:08:19,29044,2190.3,30,3666,25.9,on,255,5g,on,off,off,,22.9,20.0,1531.9,
2026-01-31 11:09:22,29107,2172.5,30,3663,25.9,on,255,5g,on,off,off,,22.6,20.5,1545.3,
2026-01-31 11:10:24,29169,2172.5,30,3663,25.9,on,255,5g,on,off,off,,22.3,20.5,1548.7,
2026-01-31 11:11:25,29230,2172.5,30,3663,25.9,on,255,5g,on,off,off,,20.9,21.1,1538.9,
2026-01-31 11:12:27,29292,2152.1,30,3655,25.7,on,255,5g,on,off,off,,20.6,20.2,1535.3,
2026-01-31 11:13:29,29354,2139.8,29,3652,25.7,on,255,5g,on,off,off,,21.2,20.4,1538.9,
2026-01-31 11:14:31,29416,2129.4,29,3642,25.7,on,255,5g,on,off,off,,23.1,21.0,1544.8,
2026-01-31 11:15:34,29479,2129.4,29,3642,25.7,on,255,5g,on,off,off,,22.9,20.6,1530.2,
2026-01-31 11:16:35,29540,2129.4,29,3642,25.7,on,255,5g,on,off,off,,22.6,20.9,1542.0,
2026-01-31 11:17:38,29603,2107.2,29,3645,25.7,on,255,5g,on,off,off,,21.4,21.1,1542.5,
2026-01-31 11:18:40,29665,2097.3,28,3634,25.8,on,255,5g,on,off,off,,21.3,20.0,1543.0,
2026-01-31 11:19:42,29727,2086.3,28,3621,25.8,on,255,5g,on,off,off,,23.5,20.0,1534.9,
2026-01-31 11:20:44,29789,2086.3,28,3621,25.8,on,255,5g,on,off,off,,23.2,20.7,1544.6,
2026-01-31 11:21:46,29851,2062.3,28,3627,26.0,on,255,5g,on,off,off,,22.2,20.4,1531.9,
2026-01-31 11:22:48,29913,2051.8,27,3629,26.0,on,255,5g,on,off,off,,20.2,20.3,1534.1,
2026-01-31 11:23:50,29975,2051.8,27,3629,26.0,on,255,5g,on,off,off,,23.2,20.4,1547.9,
2026-01-31 11:24:52,30037,2042.6,27,3625,26.0,on,255,5g,on,off,off,,24.2,20.0,1545.1,
2026-01-31 11:25:54,30099,2029.0,27,3620,26.1,on,255,5g,on,off,off,,23.0,20.3,1530.3,
2026-01-31 11:26:56,30161,2029.0,27,3620,26.1,on,255,5g,on,off,off,,22.9,21.7,1535.1,
2026-01-31 11:27:59,30224,2029.0,27,3620,26.1,on,255,5g,on,off,off,,22.3,20.6,1534.4,
2026-01-31 11:29:01,30286,1997.6,26,3576,26.2,on,255,5g,on,off,off,,21.0,20.7,1535.5,
2026-01-31 11:30:02,30347,1997.6,26,3576,26.2,on,255,5g,on,off,off,,22.6,21.9,1535.1,
2026-01-31 11:31:05,30410,1997.6,26,3576,26.2,on,255,5g,on,off,off,,22.7,20.0,1531.3,
2026-01-31 11:32:07,30472,1997.6,26,3576,26.2,on,255,5g,on,off,off,,21.6,19.5,1539.4,
2026-01-31 11:33:09,30534,1966.8,26,3605,26.3,on,255,5g,on,off,off,,22.8,19.9,1544.9,
2026-01-31 11:34:10,30595,1953.3,26,3608,26.3,on,255,5g,on,off,off,,22.4,20.3,1542.4,
2026-01-31 11:35:13,30658,1953.3,26,3608,26.3,on,255,5g,on,off,off,,22.4,20.6,1543.7,
2026-01-31 11:36:14,30719,1933.6,26,3604,26.3,on,255,5g,on,off,off,,20.8,20.0,1531.7,
2026-01-31 11:37:16,30781,1930.5,25,3587,26.3,on,255,5g,on,off,off,,20.8,20.3,1549.4,
2026-01-31 11:38:18,30843,1930.5,25,3587,26.3,on,255,5g,on,off,off,,22.1,20.7,1547.1,
2026-01-31 11:39:20,30905,1907.7,25,3596,26.4,on,255,5g,on,off,off,,25.0,20.7,1546.4,
2026-01-31 11:40:22,30967,1907.7,25,3596,26.4,on,255,5g,on,off,off,,22.8,20.7,1546.8,
2026-01-31 11:41:24,31029,1907.7,25,3596,26.4,on,255,5g,on,off,off,,22.0,20.3,1549.0,
2026-01-31 11:42:27,31092,1907.7,25,3596,26.4,on,255,5g,on,off,off,,23.1,20.4,1541.1,
2026-01-31 11:43:29,31154,1872.7,24,3571,26.4,on,255,5g,on,off,off,,24.1,20.9,1534.1,
2026-01-31 11:44:31,31216,1865.3,24,3582,26.4,on,255,5g,on,off,off,,22.7,21.0,1542.6,
2026-01-31 11:45:33,31278,1855.4,24,3570,26.4,on,255,5g,on,off,off,,21.0,20.3,1545.2,
2026-01-31 11:46:35,31340,1855.4,24,3570,26.4,on,255,5g,on,off,off,,21.5,20.3,1545.1,
2026-01-31 11:47:37,31402,1855.4,24,3570,26.4,on,255,5g,on,off,off,,21.3,20.7,1540.6,
2026-01-31 11:48:39,31464,1855.4,24,3570,26.4,on,255,5g,on,off,off,,20.7,20.3,1531.4,
2026-01-31 11:49:40,31525,1819.1,23,3569,26.5,on,255,5g,on,off,off,,19.7,20.4,1537.6,
2026-01-31 11:50:42,31587,1819.1,23,3569,26.5,on,255,5g,on,off,off,,21.3,21.0,1548.8,
2026-01-31 11:51:44,31649,1801.9,23,3549,26.6,on,255,5g,on,off,off,,23.5,20.1,1541.9,
2026-01-31 11:52:46,31711,1801.9,23,3549,26.6,on,255,5g,on,off,off,,23.1,20.7,1541.0,
2026-01-31 11:53:48,31773,1801.9,23,3549,26.6,on,255,5g,on,off,off,,20.0,20.3,1535.5,
2026-01-31 11:54:50,31835,1771.1,22,3540,26.6,on,255,5g,on,off,off,,23.4,20.4,1537.5,
2026-01-31 11:55:52,31897,1766.8,22,3551,26.7,on,255,5g,on,off,off,,23.2,20.7,1548.3,
2026-01-31 11:56:54,31959,1766.8,22,3551,26.7,on,255,5g,on,off,off,,22.3,20.3,1543.6,
2026-01-31 11:57:55,32020,1741.5,22,3525,27.0,on,255,5g,on,off,off,,21.3,21.1,1546.1,
2026-01-31 11:58:57,32082,1741.5,22,3525,27.0,on,255,5g,on,off,off,,21.3,20.7,1539.3,
2026-01-31 11:59:59,32144,1720.0,21,3521,26.7,on,255,5g,on,off,off,,22.8,20.5,1542.9,
2026-01-31 12:01:01,32206,1716.3,21,3545,26.6,on,255,5g,on,off,off,,20.9,20.5,1535.1,
2026-01-31 12:02:02,32267,1716.3,21,3545,26.6,on,255,5g,on,off,off,,24.9,19.0,1544.4,
2026-01-31 12:03:04,32329,1716.3,21,3545,26.6,on,255,5g,on,off,off,,19.7,20.4,1538.7,
2026-01-31 12:04:07,32392,1683.0,21,3532,26.2,on,255,5g,on,off,off,,22.6,19.9,1539.0,
2026-01-31 12:05:09,32454,1679.4,21,3532,26.1,on,255,5g,on,off,off,,22.9,20.5,1543.2,
2026-01-31 12:06:11,32516,1679.4,21,3532,26.1,on,255,5g,on,off,off,,21.3,21.0,1549.1,
2026-01-31 12:07:13,32578,1679.4,21,3532,26.1,on,255,5g,on,off,off,,22.3,21.0,1531.3,
2026-01-31 12:08:14,32639,1646.1,20,3500,26.0,on,255,5g,on,off,off,,20.9,21.0,1546.8,
2026-01-31 12:09:16,32701,1646.1,20,3500,26.0,on,255,5g,on,off,off,,21.4,20.9,1536.0,
2026-01-31 12:10:18,32763,1628.9,20,3513,25.9,on,255,5g,on,off,off,,23.1,19.9,1539.1,
2026-01-31 12:11:21,32826,1628.9,20,3513,25.9,on,255,5g,on,off,off,,24.7,20.4,1530.4,
2026-01-31 12:12:23,32888,1611.6,19,3483,26.0,on,255,5g,on,off,off,,22.2,20.5,1536.1,
2026-01-31 12:13:25,32950,1601.2,19,3507,26.0,on,255,5g,on,off,off,,21.8,20.6,1540.3,
2026-01-31 12:14:27,33012,1593.8,19,3510,26.1,on,255,5g,on,off,off,,21.4,20.8,1531.1,
2026-01-31 12:15:29,33074,1579.6,19,3501,26.1,on,255,5g,on,off,off,,22.0,20.4,1540.0,
2026-01-31 12:16:31,33136,1579.6,19,3501,26.1,on,255,5g,on,off,off,,21.3,20.2,1548.9,
2026-01-31 12:17:33,33198,1579.6,19,3501,26.1,on,255,5g,on,off,off,,20.9,20.0,1532.2,
2026-01-31 12:18:35,33260,1559.3,18,3486,26.1,on,255,5g,on,off,off,,22.0,20.2,1545.6,
2026-01-31 12:19:37,33322,1542.7,18,3478,26.1,on,255,5g,on,off,off,,22.3,21.4,1538.4,
2026-01-31 12:20:40,33385,1542.7,18,3478,26.1,on,255,5g,on,off,off,,21.6,20.1,1543.4,
2026-01-31 12:21:41,33446,1521.8,18,3482,26.2,on,255,5g,on,off,off,,22.2,20.7,1535.3,
2026-01-31 12:22:44,33509,1521.8,18,3482,26.2,on,255,5g,on,off,off,,23.1,20.4,1533.3,
2026-01-31 12:23:46,33571,1510.1,17,3457,26.3,on,255,5g,on,off,off,,22.5,21.7,1533.3,
2026-01-31 12:24:48,33633,1499.0,17,3454,26.3,on,255,5g,on,off,off,,23.0,20.6,1531.4,
2026-01-31 12:25:50,33695,1499.0,17,3454,26.3,on,255,5g,on,off,off,,23.0,20.4,1533.8,
2026-01-31 12:26:52,33757,1499.0,17,3454,26.3,on,255,5g,on,off,off,,22.5,20.5,1543.6,
2026-01-31 12:27:54,33819,1499.0,17,3454,26.3,on,255,5g,on,off,off,,22.7,20.2,1548.0,
2026-01-31 12:28:56,33881,1459.0,17,3463,26.3,on,255,5g,on,off,off,,23.1,21.7,1546.6,
2026-01-31 12:29:58,33943,1448.5,16,3438,26.3,on,255,5g,on,off,off,,20.8,20.9,1544.0,
2026-01-31 12:31:00,34005,1437.4,16,3455,26.3,on,255,5g,on,off,off,,21.0,20.8,1532.3,
2026-01-31 12:32:02,34067,1437.4,16,3455,26.3,on,255,5g,on,off,off,,22.7,20.9,1535.9,
2026-01-31 12:33:04,34129,1437.4,16,3455,26.3,on,255,5g,on,off,off,,22.9,21.0,1536.3,
2026-01-31 12:34:06,34191,1409.7,16,3440,26.4,on,255,5g,on,off,off,,22.1,19.4,1535.1,
2026-01-31 12:35:08,34253,1406.0,16,3439,26.4,on,255,5g,on,off,off,,21.5,19.8,1540.5,
2026-01-31 12:36:10,34315,1395.6,15,3427,26.4,on,255,5g,on,off,off,,23.3,20.4,1540.9,
2026-01-31 12:37:12,34377,1395.6,15,3427,26.4,on,255,5g,on,off,off,,21.4,20.1,1537.3,
2026-01-31 12:38:13,34438,1378.3,15,3425,26.5,on,255,5g,on,off,off,,22.2,20.4,1537.2,
2026-01-31 12:39:15,34500,1359.2,15,3441,26.6,on,255,5g,on,off,off,,21.0,20.5,1546.9,
2026-01-31 12:40:18,34563,1359.2,15,3441,26.6,on,255,5g,on,off,off,,22.2,20.9,1546.1,
2026-01-31 12:41:20,34625,1346.9,14,3411,26.5,on,255,5g,on,off,off,,20.1,19.7,1536.3,
2026-01-31 12:42:22,34687,1346.9,14,3411,26.5,on,255,5g,on,off,off,,20.6,20.6,1548.6,
2026-01-31 12:43:24,34749,1326.0,14,3414,26.7,on,255,5g,on,off,off,,20.9,19.1,1549.4,
2026-01-31 12:44:26,34811,1309.4,13,3392,26.8,on,255,5g,on,off,off,,22.6,20.4,1536.7,
2026-01-31 12:45:28,34873,1309.4,13,3392,26.8,on,255,5g,on,off,off,,22.3,21.0,1537.2,
2026-01-31 12:46:30,34935,1309.4,13,3392,26.8,on,255,5g,on,off,off,,22.4,21.0,1540.3,
2026-01-31 12:47:32,34997,1278.0,13,3386,27.0,on,255,5g,on,off,off,,23.1,20.5,1549.2,
2026-01-31 12:48:33,35058,1278.0,13,3386,27.0,on,255,5g,on,off,off,,24.6,21.0,1547.9,
2026-01-31 12:49:35,35120,1254.0,12,3365,27.1,on,255,5g,on,off,off,,22.7,20.5,1532.1,
2026-01-31 12:50:37,35182,1254.0,12,3365,27.1,on,255,5g,on,off,off,,20.8,20.8,1538.0,
2026-01-31 12:51:39,35244,1254.0,12,3365,27.1,on,255,5g,on,off,off,,22.0,20.1,1541.3,
2026-01-31 12:52:41,35306,1254.0,12,3365,27.1,on,255,5g,on,off,off,,22.5,20.3,1540.3,
2026-01-31 12:53:43,35368,1254.0,12,3365,27.1,on,255,5g,on,off,off,,21.4,20.2,1534.0,
2026-01-31 12:54:45,35430,1210.3,12,3367,27.1,on,255,5g,on,off,off,,19.8,21.0,1547.5,
2026-01-31 12:55:47,35492,1210.3,12,3367,27.1,on,255,5g,on,off,off,,22.8,21.1,1543.8,
2026-01-31 12:56:49,35554,1182.0,11,3355,27.1,on,255,5g,on,off,off,,21.3,20.9,1547.1,
2026-01-31 12:57:52,35617,1177.6,11,3359,27.2,on,255,5g,on,off,off,,22.5,19.9,1547.5,
2026-01-31 12:58:54,35679,1177.6,11,3359,27.2,on,255,5g,on,off,off,,21.4,20.9,1545.3,
2026-01-31 12:59:56,35741,1159.8,11,3336,27.2,on,255,5g,on,off,off,,19.7,20.1,1539.0,
2026-01-31 13:00:58,35803,1159.8,11,3336,27.2,on,255,5g,on,off,off,,20.1,20.8,1542.5,
2026-01-31 13:02:00,35865,1138.2,10,3327,27.2,on,255,5g,on,off,off,,21.4,20.8,1533.3,
2026-01-31 13:03:02,35927,1131.5,10,3335,27.1,on,255,5g,on,off,off,,20.5,20.6,1543.7,
2026-01-31 13:04:04,35989,1114.2,10,3325,27.1,on,255,5g,on,off,off,,21.3,20.5,1533.7,
2026-01-31 13:05:06,36051,1106.2,10,3322,27.1,on,255,5g,on,off,off,,22.5,20.4,1544.2,
2026-01-31 13:06:08,36113,1106.2,10,3322,27.1,on,255,5g,on,off,off,,23.0,20.0,1534.7,
2026-01-31 13:07:10,36175,1092.1,9,3290,27.2,on,255,5g,on,off,off,,23.3,20.0,1532.4,
2026-01-31 13:08:12,36237,1081.6,9,3328,27.1,on,255,5g,on,off,off,,23.0,21.0,1533.4,
2026-01-31 13:09:14,36299,1081.6,9,3328,27.1,on,255,5g,on,off,off,,22.8,21.0,1530.0,
2026-01-31 13:10:16,36361,1081.6,9,3328,27.1,on,255,5g,on,off,off,,22.8,20.3,1544.7,
2026-01-31 13:11:18,36423,1081.6,9,3328,27.1,on,255,5g,on,off,off,,21.1,20.5,1544.9,
2026-01-31 13:12:20,36485,1081.6,9,3328,27.1,on,255,5g,on,off,off,,23.2,20.7,1540.5,
2026-01-31 13:13:22,36547,1081.6,9,3328,27.1,on,255,5g,on,off,off,,22.9,20.0,1533.3,
2026-01-31 13:14:24,36609,1019.4,9,3255,27.3,on,255,5g,on,off,off,,21.0,20.3,1531.7,
2026-01-31 13:15:26,36671,1004.0,8,3250,27.3,on,255,5g,on,off,off,,22.6,20.2,1530.4,
2026-01-31 13:16:29,36734,996.0,8,3257,27.4,on,255,5g,on,off,off,,21.2,21.0,1533.4,
2026-01-31 13:17:30,36795,996.0,8,3257,27.4,on,255,5g,on,off,off,,20.9,21.0,1548.2,
2026-01-31 13:18:32,36857,996.0,8,3257,27.4,on,255,5g,on,off,off,,21.4,20.5,1534.9,
2026-01-31 13:19:34,36919,961.0,7,3246,27.5,on,255,5g,on,off,off,,21.5,20.7,1537.2,
2026-01-31 13:20:36,36981,952.9,7,3245,27.5,on,255,5g,on,off,off,,20.7,21.4,1532.1,
2026-01-31 13:21:38,37043,952.9,7,3245,27.5,on,255,5g,on,off,off,,21.8,20.0,1534.5,
2026-01-31 13:22:41,37106,952.9,7,3245,27.5,on,255,5g,on,off,off,,22.3,20.5,1540.6,
2026-01-31 13:23:43,37168,927.1,7,3229,27.5,on,255,5g,on,off,off,,22.6,20.6,1542.4,
2026-01-31 13:24:45,37230,915.4,6,3212,27.5,on,255,5g,on,off,off,,22.8,20.0,1535.0,
2026-01-31 13:25:47,37292,904.3,6,3227,27.5,on,255,5g,on,off,off,,22.0,20.2,1531.2,
2026-01-31 13:26:49,37354,904.3,6,3227,27.5,on,255,5g,on,off,off,,21.4,20.9,1538.0,
2026-01-31 13:27:51,37416,886.5,6,3205,27.5,on,255,5g,on,off,off,,19.8,20.6,1534.8,
2026-01-31 13:28:53,37478,876.0,5,3211,27.4,on,255,5g,on,off,off,,22.6,20.1,1534.5,
2026-01-31 13:29:54,37539,868.0,5,3196,27.5,on,255,5g,on,off,off,,20.7,20.2,1549.6,
2026-01-31 13:30:56,37601,852.6,4,3180,27.5,on,255,5g,on,off,off,,22.1,20.2,1542.6,
2026-01-31 13:31:58,37663,840.9,4,3178,27.5,on,255,5g,on,off,off,,21.6,20.7,1541.4,
2026-01-31 13:33:00,37725,840.9,4,3178,27.5,on,255,5g,on,off,off,,20.9,20.8,1538.5,
2026-01-31 13:34:02,37787,817.5,3,3168,27.6,on,255,5g,on,off,off,,21.1,19.9,1538.8,
2026-01-31 13:35:04,37849,817.5,3,3168,27.6,on,255,5g,on,off,off,,22.6,20.0,1541.0,
2026-01-31 13:36:06,37911,800.9,2,3154,27.7,on,255,5g,on,off,off,,21.2,20.7,1544.2,
2026-01-31 13:37:08,37973,800.9,2,3154,27.7,on,255,5g,on,off,off,,21.0,20.9,1544.3,
2026-01-31 13:38:11,38036,781.8,2,3131,27.7,on,255,5g,on,off,off,,22.6,20.2,1533.5,
2026-01-31 13:39:13,38098,781.8,2,3131,27.7,on,255,5g,on,off,off,,23.2,20.3,1540.2,
2026-01-31 13:40:15,38160,759.0,2,3134,27.7,on,255,5g,on,off,off,,22.2,20.3,1538.4,
2026-01-31 13:41:17,38222,748.6,1,3066,27.7,on,255,5g,on,off,off,,23.1,20.9,1547.8,
2026-01-31 13:42:19,38284,748.6,1,3066,27.7,on,255,5g,on,off,off,,22.9,20.8,1542.9,
2026-01-31 13:43:21,38346,720.3,1,3113,27.7,on,255,5g,on,off,off,,22.9,20.4,1540.9,
2026-01-31 13:44:23,38408,711.0,1,3078,27.7,on,255,5g,on,off,off,,23.1,19.9,1532.4,
